[{"model": "admin.logentry", "pk": 1, "fields": {"action_time": "2025-03-29T23:08:19.838Z", "user": 1, "content_type": 7, "object_id": "1", "object_repr": "Pessoa object (1)", "action_flag": 1, "change_message": "[{\"added\": {}}]"}}, {"model": "admin.logentry", "pk": 2, "fields": {"action_time": "2025-03-29T23:08:45.808Z", "user": 1, "content_type": 7, "object_id": "1", "object_repr": "Pessoa object (1)", "action_flag": 2, "change_message": "[]"}}, {"model": "admin.logentry", "pk": 3, "fields": {"action_time": "2025-03-29T23:09:10.430Z", "user": 1, "content_type": 7, "object_id": "1", "object_repr": "Pessoa object (1)", "action_flag": 3, "change_message": ""}}, {"model": "admin.logentry", "pk": 4, "fields": {"action_time": "2025-03-29T23:09:26.806Z", "user": 1, "content_type": 7, "object_id": "2", "object_repr": "Pessoa object (2)", "action_flag": 1, "change_message": "[{\"added\": {}}]"}}, {"model": "admin.logentry", "pk": 5, "fields": {"action_time": "2025-03-30T00:05:43.965Z", "user": 1, "content_type": 10, "object_id": "1", "object_repr": "Coldplay", "action_flag": 1, "change_message": "[{\"added\": {}}]"}}, {"model": "admin.logentry", "pk": 6, "fields": {"action_time": "2025-03-30T00:33:10.988Z", "user": 1, "content_type": 10, "object_id": "2", "object_repr": "Queen", "action_flag": 1, "change_message": "[{\"added\": {}}]"}}, {"model": "admin.logentry", "pk": 7, "fields": {"action_time": "2025-03-30T00:35:45.525Z", "user": 1, "content_type": 9, "object_id": "1", "object_repr": "A Rush of Blood to the Head (2002)", "action_flag": 1, "change_message": "[{\"added\": {}}]"}}, {"model": "admin.logentry", "pk": 8, "fields": {"action_time": "2025-03-30T00:37:10.500Z", "user": 1, "content_type": 9, "object_id": "2", "object_repr": "A Night at the Opera (1975)", "action_flag": 1, "change_message": "[{\"added\": {}}]"}}, {"model": "admin.logentry", "pk": 9, "fields": {"action_time": "2025-03-30T00:40:16.133Z", "user": 1, "content_type": 8, "object_id": "1", "object_repr": "Clocks", "action_flag": 1, "change_message": "[{\"added\": {}}]"}}, {"model": "admin.logentry", "pk": 10, "fields": {"action_time": "2025-03-30T00:43:02.691Z", "user": 1, "content_type": 8, "object_id": "2", "object_repr": "Bohemian Rhapsody", "action_flag": 1, "change_message": "[{\"added\": {}}]"}}, {"model": "admin.logentry", "pk": 11, "fields": {"action_time": "2025-03-30T01:00:08.028Z", "user": 1, "content_type": 13, "object_id": "1", "object_repr": "Paul Graham", "action_flag": 1, "change_message": "[{\"added\": {}}]"}}, {"model": "admin.logentry", "pk": 12, "fields": {"action_time": "2025-03-30T01:02:18.098Z", "user": 1, "content_type": 13, "object_id": "2", "object_repr": "Tim Denning", "action_flag": 1, "change_message": "[{\"added\": {}}]"}}, {"model": "admin.logentry", "pk": 13, "fields": {"action_time": "2025-03-30T01:03:21.558Z", "user": 1, "content_type": 11, "object_id": "1", "object_repr": "How to Do Great Work", "action_flag": 1, "change_message": "[{\"added\": {}}]"}}, {"model": "admin.logentry", "pk": 14, "fields": {"action_time": "2025-03-30T01:03:46.779Z", "user": 1, "content_type": 11, "object_id": "2", "object_repr": "The Truth About Writing Every Day", "action_flag": 1, "change_message": "[{\"added\": {}}]"}}, {"model": "admin.logentry", "pk": 15, "fields": {"action_time": "2025-04-27T17:56:07.442Z", "user": 1, "content_type": 19, "object_id": "1", "object_repr": "Kotlin", "action_flag": 1, "change_message": "[{\"added\": {}}]"}}, {"model": "admin.logentry", "pk": 16, "fields": {"action_time": "2025-04-27T17:59:40.761Z", "user": 1, "content_type": 19, "object_id": "2", "object_repr": "IntelliJ", "action_flag": 1, "change_message": "[{\"added\": {}}]"}}, {"model": "admin.logentry", "pk": 17, "fields": {"action_time": "2025-04-27T18:03:33.926Z", "user": 1, "content_type": 16, "object_id": "1", "object_repr": "Fundamentos de Programação", "action_flag": 1, "change_message": "[{\"added\": {}}]"}}, {"model": "admin.logentry", "pk": 18, "fields": {"action_time": "2025-04-27T18:04:16.364Z", "user": 1, "content_type": 15, "object_id": "1", "object_repr": "Jogo das Tendas", "action_flag": 1, "change_message": "[{\"added\": {}}]"}}, {"model": "admin.logentry", "pk": 19, "fields": {"action_time": "2025-04-27T18:27:03.816Z", "user": 1, "content_type": 17, "object_id": "1", "object_repr": "Imagem do projeto: Jogo das Tendas", "action_flag": 1, "change_message": "[{\"added\": {}}]"}}, {"model": "admin.logentry", "pk": 20, "fields": {"action_time": "2025-04-27T18:33:05.082Z", "user": 1, "content_type": 19, "object_id": "2", "object_repr": "IntelliJ", "action_flag": 2, "change_message": "[{\"changed\": {\"fields\": [\"Logo\"]}}]"}}, {"model": "admin.logentry", "pk": 21, "fields": {"action_time": "2025-04-27T18:33:06.107Z", "user": 1, "content_type": 19, "object_id": "2", "object_repr": "IntelliJ", "action_flag": 2, "change_message": "[{\"changed\": {\"fields\": [\"Logo\"]}}]"}}, {"model": "auth.permission", "pk": 1, "fields": {"name": "Can add log entry", "content_type": 1, "codename": "add_logentry"}}, {"model": "auth.permission", "pk": 2, "fields": {"name": "Can change log entry", "content_type": 1, "codename": "change_logentry"}}, {"model": "auth.permission", "pk": 3, "fields": {"name": "Can delete log entry", "content_type": 1, "codename": "delete_logentry"}}, {"model": "auth.permission", "pk": 4, "fields": {"name": "Can view log entry", "content_type": 1, "codename": "view_logentry"}}, {"model": "auth.permission", "pk": 5, "fields": {"name": "Can add permission", "content_type": 2, "codename": "add_permission"}}, {"model": "auth.permission", "pk": 6, "fields": {"name": "Can change permission", "content_type": 2, "codename": "change_permission"}}, {"model": "auth.permission", "pk": 7, "fields": {"name": "Can delete permission", "content_type": 2, "codename": "delete_permission"}}, {"model": "auth.permission", "pk": 8, "fields": {"name": "Can view permission", "content_type": 2, "codename": "view_permission"}}, {"model": "auth.permission", "pk": 9, "fields": {"name": "Can add group", "content_type": 3, "codename": "add_group"}}, {"model": "auth.permission", "pk": 10, "fields": {"name": "Can change group", "content_type": 3, "codename": "change_group"}}, {"model": "auth.permission", "pk": 11, "fields": {"name": "Can delete group", "content_type": 3, "codename": "delete_group"}}, {"model": "auth.permission", "pk": 12, "fields": {"name": "Can view group", "content_type": 3, "codename": "view_group"}}, {"model": "auth.permission", "pk": 13, "fields": {"name": "Can add user", "content_type": 4, "codename": "add_user"}}, {"model": "auth.permission", "pk": 14, "fields": {"name": "Can change user", "content_type": 4, "codename": "change_user"}}, {"model": "auth.permission", "pk": 15, "fields": {"name": "Can delete user", "content_type": 4, "codename": "delete_user"}}, {"model": "auth.permission", "pk": 16, "fields": {"name": "Can view user", "content_type": 4, "codename": "view_user"}}, {"model": "auth.permission", "pk": 17, "fields": {"name": "Can add content type", "content_type": 5, "codename": "add_contenttype"}}, {"model": "auth.permission", "pk": 18, "fields": {"name": "Can change content type", "content_type": 5, "codename": "change_contenttype"}}, {"model": "auth.permission", "pk": 19, "fields": {"name": "Can delete content type", "content_type": 5, "codename": "delete_contenttype"}}, {"model": "auth.permission", "pk": 20, "fields": {"name": "Can view content type", "content_type": 5, "codename": "view_contenttype"}}, {"model": "auth.permission", "pk": 21, "fields": {"name": "Can add session", "content_type": 6, "codename": "add_session"}}, {"model": "auth.permission", "pk": 22, "fields": {"name": "Can change session", "content_type": 6, "codename": "change_session"}}, {"model": "auth.permission", "pk": 23, "fields": {"name": "Can delete session", "content_type": 6, "codename": "delete_session"}}, {"model": "auth.permission", "pk": 24, "fields": {"name": "Can view session", "content_type": 6, "codename": "view_session"}}, {"model": "auth.permission", "pk": 25, "fields": {"name": "Can add pessoa", "content_type": 7, "codename": "add_pessoa"}}, {"model": "auth.permission", "pk": 26, "fields": {"name": "Can change pessoa", "content_type": 7, "codename": "change_pessoa"}}, {"model": "auth.permission", "pk": 27, "fields": {"name": "Can delete pessoa", "content_type": 7, "codename": "delete_pessoa"}}, {"model": "auth.permission", "pk": 28, "fields": {"name": "Can view pessoa", "content_type": 7, "codename": "view_pessoa"}}, {"model": "auth.permission", "pk": 29, "fields": {"name": "Can add musica", "content_type": 8, "codename": "add_musica"}}, {"model": "auth.permission", "pk": 30, "fields": {"name": "Can change musica", "content_type": 8, "codename": "change_musica"}}, {"model": "auth.permission", "pk": 31, "fields": {"name": "Can delete musica", "content_type": 8, "codename": "delete_musica"}}, {"model": "auth.permission", "pk": 32, "fields": {"name": "Can view musica", "content_type": 8, "codename": "view_musica"}}, {"model": "auth.permission", "pk": 33, "fields": {"name": "Can add album", "content_type": 9, "codename": "add_album"}}, {"model": "auth.permission", "pk": 34, "fields": {"name": "Can change album", "content_type": 9, "codename": "change_album"}}, {"model": "auth.permission", "pk": 35, "fields": {"name": "Can delete album", "content_type": 9, "codename": "delete_album"}}, {"model": "auth.permission", "pk": 36, "fields": {"name": "Can view album", "content_type": 9, "codename": "view_album"}}, {"model": "auth.permission", "pk": 37, "fields": {"name": "Can add banda", "content_type": 10, "codename": "add_banda"}}, {"model": "auth.permission", "pk": 38, "fields": {"name": "Can change banda", "content_type": 10, "codename": "change_banda"}}, {"model": "auth.permission", "pk": 39, "fields": {"name": "Can delete banda", "content_type": 10, "codename": "delete_banda"}}, {"model": "auth.permission", "pk": 40, "fields": {"name": "Can view banda", "content_type": 10, "codename": "view_banda"}}, {"model": "auth.permission", "pk": 41, "fields": {"name": "Can add artigo", "content_type": 11, "codename": "add_artigo"}}, {"model": "auth.permission", "pk": 42, "fields": {"name": "Can change artigo", "content_type": 11, "codename": "change_artigo"}}, {"model": "auth.permission", "pk": 43, "fields": {"name": "Can delete artigo", "content_type": 11, "codename": "delete_artigo"}}, {"model": "auth.permission", "pk": 44, "fields": {"name": "Can view artigo", "content_type": 11, "codename": "view_artigo"}}, {"model": "auth.permission", "pk": 45, "fields": {"name": "Can add rating", "content_type": 12, "codename": "add_rating"}}, {"model": "auth.permission", "pk": 46, "fields": {"name": "Can change rating", "content_type": 12, "codename": "change_rating"}}, {"model": "auth.permission", "pk": 47, "fields": {"name": "Can delete rating", "content_type": 12, "codename": "delete_rating"}}, {"model": "auth.permission", "pk": 48, "fields": {"name": "Can view rating", "content_type": 12, "codename": "view_rating"}}, {"model": "auth.permission", "pk": 49, "fields": {"name": "Can add autor", "content_type": 13, "codename": "add_autor"}}, {"model": "auth.permission", "pk": 50, "fields": {"name": "Can change autor", "content_type": 13, "codename": "change_autor"}}, {"model": "auth.permission", "pk": 51, "fields": {"name": "Can delete autor", "content_type": 13, "codename": "delete_autor"}}, {"model": "auth.permission", "pk": 52, "fields": {"name": "Can view autor", "content_type": 13, "codename": "view_autor"}}, {"model": "auth.permission", "pk": 53, "fields": {"name": "Can add comentario", "content_type": 14, "codename": "add_comentario"}}, {"model": "auth.permission", "pk": 54, "fields": {"name": "Can change comentario", "content_type": 14, "codename": "change_comentario"}}, {"model": "auth.permission", "pk": 55, "fields": {"name": "Can delete comentario", "content_type": 14, "codename": "delete_comentario"}}, {"model": "auth.permission", "pk": 56, "fields": {"name": "Can view comentario", "content_type": 14, "codename": "view_comentario"}}, {"model": "auth.permission", "pk": 57, "fields": {"name": "Can add disciplina", "content_type": 16, "codename": "add_disciplina"}}, {"model": "auth.permission", "pk": 58, "fields": {"name": "Can change disciplina", "content_type": 16, "codename": "change_disciplina"}}, {"model": "auth.permission", "pk": 59, "fields": {"name": "Can delete disciplina", "content_type": 16, "codename": "delete_disciplina"}}, {"model": "auth.permission", "pk": 60, "fields": {"name": "Can view disciplina", "content_type": 16, "codename": "view_disciplina"}}, {"model": "auth.permission", "pk": 61, "fields": {"name": "Can add projeto", "content_type": 15, "codename": "add_projeto"}}, {"model": "auth.permission", "pk": 62, "fields": {"name": "Can change projeto", "content_type": 15, "codename": "change_projeto"}}, {"model": "auth.permission", "pk": 63, "fields": {"name": "Can delete projeto", "content_type": 15, "codename": "delete_projeto"}}, {"model": "auth.permission", "pk": 64, "fields": {"name": "Can view projeto", "content_type": 15, "codename": "view_projeto"}}, {"model": "auth.permission", "pk": 65, "fields": {"name": "Can add imagem projeto", "content_type": 17, "codename": "add_imagemprojeto"}}, {"model": "auth.permission", "pk": 66, "fields": {"name": "Can change imagem projeto", "content_type": 17, "codename": "change_imagemprojeto"}}, {"model": "auth.permission", "pk": 67, "fields": {"name": "Can delete imagem projeto", "content_type": 17, "codename": "delete_imagemprojeto"}}, {"model": "auth.permission", "pk": 68, "fields": {"name": "Can view imagem projeto", "content_type": 17, "codename": "view_imagemprojeto"}}, {"model": "auth.permission", "pk": 69, "fields": {"name": "Can add tecnologia", "content_type": 19, "codename": "add_tecnologia"}}, {"model": "auth.permission", "pk": 70, "fields": {"name": "Can change tecnologia", "content_type": 19, "codename": "change_tecnologia"}}, {"model": "auth.permission", "pk": 71, "fields": {"name": "Can delete tecnologia", "content_type": 19, "codename": "delete_tecnologia"}}, {"model": "auth.permission", "pk": 72, "fields": {"name": "Can view tecnologia", "content_type": 19, "codename": "view_tecnologia"}}, {"model": "auth.permission", "pk": 73, "fields": {"name": "Can add detalhes tecnicos", "content_type": 18, "codename": "add_detalhestecnicos"}}, {"model": "auth.permission", "pk": 74, "fields": {"name": "Can change detalhes tecnicos", "content_type": 18, "codename": "change_detalhestecnicos"}}, {"model": "auth.permission", "pk": 75, "fields": {"name": "Can delete detalhes tecnicos", "content_type": 18, "codename": "delete_detalhestecnicos"}}, {"model": "auth.permission", "pk": 76, "fields": {"name": "Can view detalhes tecnicos", "content_type": 18, "codename": "view_detalhestecnicos"}}, {"model": "auth.user", "pk": 1, "fields": {"password": "pbkdf2_sha256$720000$8M2FxL7QvxS6iOArljvUtE$/dbGvi4dznZxIPCx4IeeTxrFkH5C0TxOwFyaUktle2o=", "last_login": "2025-04-27T17:42:33.285Z", "is_superuser": true, "username": "a22309068", "first_name": "", "last_name": "", "email": "", "is_staff": true, "is_active": true, "date_joined": "2025-03-29T22:05:14.316Z", "groups": [], "user_permissions": []}}, {"model": "contenttypes.contenttype", "pk": 1, "fields": {"app_label": "admin", "model": "logentry"}}, {"model": "contenttypes.contenttype", "pk": 2, "fields": {"app_label": "auth", "model": "permission"}}, {"model": "contenttypes.contenttype", "pk": 3, "fields": {"app_label": "auth", "model": "group"}}, {"model": "contenttypes.contenttype", "pk": 4, "fields": {"app_label": "auth", "model": "user"}}, {"model": "contenttypes.contenttype", "pk": 5, "fields": {"app_label": "contenttypes", "model": "contenttype"}}, {"model": "contenttypes.contenttype", "pk": 6, "fields": {"app_label": "sessions", "model": "session"}}, {"model": "contenttypes.contenttype", "pk": 7, "fields": {"app_label": "pessoas", "model": "pessoa"}}, {"model": "contenttypes.contenttype", "pk": 8, "fields": {"app_label": "bandas", "model": "musica"}}, {"model": "contenttypes.contenttype", "pk": 9, "fields": {"app_label": "bandas", "model": "album"}}, {"model": "contenttypes.contenttype", "pk": 10, "fields": {"app_label": "bandas", "model": "banda"}}, {"model": "contenttypes.contenttype", "pk": 11, "fields": {"app_label": "autores", "model": "artigo"}}, {"model": "contenttypes.contenttype", "pk": 12, "fields": {"app_label": "autores", "model": "rating"}}, {"model": "contenttypes.contenttype", "pk": 13, "fields": {"app_label": "autores", "model": "autor"}}, {"model": "contenttypes.contenttype", "pk": 14, "fields": {"app_label": "autores", "model": "comentario"}}, {"model": "contenttypes.contenttype", "pk": 15, "fields": {"app_label": "portfolio", "model": "projeto"}}, {"model": "contenttypes.contenttype", "pk": 16, "fields": {"app_label": "portfolio", "model": "disciplina"}}, {"model": "contenttypes.contenttype", "pk": 17, "fields": {"app_label": "portfolio", "model": "imagemprojeto"}}, {"model": "contenttypes.contenttype", "pk": 18, "fields": {"app_label": "portfolio", "model": "detalhestecnicos"}}, {"model": "contenttypes.contenttype", "pk": 19, "fields": {"app_label": "portfolio", "model": "tecnologia"}}, {"model": "sessions.session", "pk": "kkj8rzax09ak96q1vj1d329qxpbqvvo3", "fields": {"session_data": ".eJxVjEEOwiAQAP_C2RCgLQsevfcNZGG3UjWQlPZk_Lsh6UGvM5N5i4DHnsPReAsriavQ4vLLIqYnly7ogeVeZapl39YoeyJP2-RciV-3s_0bZGy5bw1HT5MGJIdKezBgrUs8KojJTNZ71ANFyzgou2iE0TH5xQIkzV4Z8fkC1FU3fw:1u961R:EOo2_Oubb3Zf5GQTY-xfSwKYoFq_CrNCtQHe_claxus", "expire_date": "2025-05-11T17:42:33.313Z"}}, {"model": "sessions.session", "pk": "thrnlrsni9uwrgundi27redowxkmuvzf", "fields": {"session_data": ".eJxVjEEOwiAQAP_C2RCgLQsevfcNZGG3UjWQlPZk_Lsh6UGvM5N5i4DHnsPReAsriavQ4vLLIqYnly7ogeVeZapl39YoeyJP2-RciV-3s_0bZGy5bw1HT5MGJIdKezBgrUs8KojJTNZ71ANFyzgou2iE0TH5xQIkzV4Z8fkC1FU3fw:1tyejm:kUJGf60vpxNSZ0L7d6PZWvNFMeLk3XKMUoKwRukNLhs", "expire_date": "2025-04-12T22:33:10.636Z"}}, {"model": "sessions.session", "pk": "vwjgxx7aid2i6ma8abkondjrplido72k", "fields": {"session_data": ".eJxVjEEOwiAQAP_C2RCgLQsevfcNZGG3UjWQlPZk_Lsh6UGvM5N5i4DHnsPReAsriavQ4vLLIqYnly7ogeVeZapl39YoeyJP2-RciV-3s_0bZGy5bw1HT5MGJIdKezBgrUs8KojJTNZ71ANFyzgou2iE0TH5xQIkzV4Z8fkC1FU3fw:1u0yrh:7ho76BGntgE75ur3jQJst3Va7WCBAQmKdXxn0H3CWdQ", "expire_date": "2025-04-19T08:26:57.685Z"}}, {"model": "pessoas.pessoa", "pk": 2, "fields": {"nome": "Alessandra Oliveira", "idade": 24}}, {"model": "bandas.banda", "pk": 1, "fields": {"nome": "Coldplay", "genero": "Rock Alternativo", "ano_criacao": 1996, "nacionalidade": "", "foto": "bandas_fotos/coldplayBanda.jpg", "descricao": "Banda britânica mundialmente conhecida."}}, {"model": "bandas.banda", "pk": 2, "fields": {"nome": "Queen", "genero": "Rock", "ano_criacao": 1970, "nacionalidade": "Reino Unido", "foto": "", "descricao": ""}}, {"model": "bandas.banda", "pk": 3, "fields": {"nome": "The Beatles", "genero": "Rock", "ano_criacao": 1960, "nacionalidade": "Reino Unido", "foto": "", "descricao": ""}}, {"model": "bandas.banda", "pk": 4, "fields": {"nome": "Led Zeppelin", "genero": "Rock", "ano_criacao": 1968, "nacionalidade": "Reino Unido", "foto": "", "descricao": ""}}, {"model": "bandas.banda", "pk": 5, "fields": {"nome": "Pink Floyd", "genero": "Rock Progressivo", "ano_criacao": 1965, "nacionalidade": "Reino Unido", "foto": "", "descricao": ""}}, {"model": "bandas.banda", "pk": 6, "fields": {"nome": "AC/DC", "genero": "Hard Rock", "ano_criacao": 1973, "nacionalidade": "Austrália", "foto": "", "descricao": ""}}, {"model": "bandas.banda", "pk": 7, "fields": {"nome": "The Rolling Stones", "genero": "Rock", "ano_criacao": 1962, "nacionalidade": "Reino Unido", "foto": "", "descricao": ""}}, {"model": "bandas.banda", "pk": 8, "fields": {"nome": "Guns N' Roses", "genero": "Hard Rock", "ano_criacao": 1985, "nacionalidade": "Estados Unidos", "foto": "", "descricao": ""}}, {"model": "bandas.banda", "pk": 9, "fields": {"nome": "Nirvana", "genero": "Grunge", "ano_criacao": 1987, "nacionalidade": "Estados Unidos", "foto": "", "descricao": ""}}, {"model": "bandas.banda", "pk": 10, "fields": {"nome": "Metallica", "genero": "Heavy Metal", "ano_criacao": 1981, "nacionalidade": "Estados Unidos", "foto": "", "descricao": ""}}, {"model": "bandas.banda", "pk": 11, "fields": {"nome": "Iron Maiden", "genero": "Heavy Metal", "ano_criacao": 1975, "nacionalidade": "Reino Unido", "foto": "", "descricao": ""}}, {"model": "bandas.album", "pk": 1, "fields": {"banda": 1, "titulo": "A Rush of Blood to the Head", "ano_lancamento": 2002, "capa": "capas_albuns/A_Rush_of_Blood_to_the_Head_Coldplay.jpg"}}, {"model": "bandas.album", "pk": 2, "fields": {"banda": 2, "titulo": "A Night at the Opera", "ano_lancamento": 1975, "capa": ""}}, {"model": "bandas.album", "pk": 3, "fields": {"banda": 3, "titulo": "Abbey Road", "ano_lancamento": 1969, "capa": ""}}, {"model": "bandas.album", "pk": 4, "fields": {"banda": 4, "titulo": "Led Zeppelin IV", "ano_lancamento": 1971, "capa": ""}}, {"model": "bandas.album", "pk": 5, "fields": {"banda": 5, "titulo": "The Dark Side of the Moon", "ano_lancamento": 1973, "capa": ""}}, {"model": "bandas.album", "pk": 6, "fields": {"banda": 6, "titulo": "Back in Black", "ano_lancamento": 1980, "capa": ""}}, {"model": "bandas.album", "pk": 7, "fields": {"banda": 7, "titulo": "Sticky Fingers", "ano_lancamento": 1971, "capa": ""}}, {"model": "bandas.album", "pk": 8, "fields": {"banda": 8, "titulo": "Appetite for Destruction", "ano_lancamento": 1987, "capa": ""}}, {"model": "bandas.album", "pk": 9, "fields": {"banda": 9, "titulo": "Nevermind", "ano_lancamento": 1991, "capa": ""}}, {"model": "bandas.album", "pk": 10, "fields": {"banda": 10, "titulo": "Master of Puppets", "ano_lancamento": 1986, "capa": ""}}, {"model": "bandas.album", "pk": 11, "fields": {"banda": 11, "titulo": "The Number of the Beast", "ano_lancamento": 1982, "capa": ""}}, {"model": "bandas.album", "pk": 12, "fields": {"banda": 3, "titulo": "Sgt. Pepper's Lonely Hearts Club Band", "ano_lancamento": 1967, "capa": ""}}, {"model": "bandas.album", "pk": 13, "fields": {"banda": 4, "titulo": "Physical Graffiti", "ano_lancamento": 1975, "capa": ""}}, {"model": "bandas.album", "pk": 14, "fields": {"banda": 5, "titulo": "Wish You Were Here", "ano_lancamento": 1975, "capa": ""}}, {"model": "bandas.album", "pk": 15, "fields": {"banda": 6, "titulo": "Highway to Hell", "ano_lancamento": 1979, "capa": ""}}, {"model": "bandas.album", "pk": 16, "fields": {"banda": 2, "titulo": "News of the World", "ano_lancamento": 1977, "capa": ""}}, {"model": "bandas.album", "pk": 17, "fields": {"banda": 7, "titulo": "Exile on Main St.", "ano_lancamento": 1972, "capa": ""}}, {"model": "bandas.album", "pk": 18, "fields": {"banda": 8, "titulo": "Use Your Illusion I", "ano_lancamento": 1991, "capa": ""}}, {"model": "bandas.album", "pk": 19, "fields": {"banda": 9, "titulo": "In Utero", "ano_lancamento": 1993, "capa": ""}}, {"model": "bandas.album", "pk": 20, "fields": {"banda": 10, "titulo": "Ride the Lightning", "ano_lancamento": 1984, "capa": ""}}, {"model": "bandas.album", "pk": 21, "fields": {"banda": 11, "titulo": "Powerslave", "ano_lancamento": 1984, "capa": ""}}, {"model": "bandas.musica", "pk": 1, "fields": {"album": 1, "titulo": "Clocks", "duracao": "00:04:10", "letra": "He said: I'm gonna buy this place and burn it down\r\nI'm gonna put it six feet underground\r\nHe said: I'm gonna buy this place and watch it fall\r\nStand here beside me, baby, in the crumbling walls\r\n\r\nOh, I'm gonna buy this place and start a fire\r\nStand here until I fill all your heart's desires\r\nBecause I'm gonna buy this place and see it burn\r\nAnd do back the things it did to you in return\r\n\r\nOh, oh\r\nOh, oh\r\n\r\nSaid: I'm gonna buy a gun and start a war\r\nIf you can tell me something worth fighting for\r\nOh, and I'm gonna buy this place, is what I said\r\nBlame it upon a rush of blood to the head\r\n\r\nHoney\r\nAll the movements you're starting to make\r\nSee me crumble and fall on my face\r\nAnd I know the mistakes that I made\r\nSee it all disappear without trace\r\nAnd they call as they beckon you on\r\nThey say: Start as you mean to go on\r\nStart as you mean to go on\r\n\r\nHe said: I'm gonna buy this place and see it go\r\nStand here beside me, baby, watch the orange glow\r\nSome will laugh and some just sit and cry\r\nBut you just sit down there and you wonder why\r\n\r\nSo I'm gonna buy a gun and start a war\r\nIf you can tell me something worth fighting for\r\nAnd I'm gonna buy this place, is what I said\r\nBlame it upon a rush of blood to the head\r\nOh, to the head, oh\r\n\r\nHoney\r\nAll the movements you're starting to make\r\nSee me crumble and fall on my face\r\nAnd I know the mistakes that I made\r\nSee it all disappear without a trace\r\nAnd they call as they beckon you on\r\nThey say: Start as you mean to go on\r\nAs you mean to go on\r\nAs you mean to go on\r\n\r\nSo meet me by the bridge\r\nOh, meet me by the lane\r\nWhen am I going to see\r\nThat pretty face again?\r\n\r\nMeet me on the road\r\nMeet me where I said\r\nBlame it all upon\r\nA rush of blood to the head", "link_spotify": "https://open.spotify.com/intl-pt/track/0BCPKOYdS2jbQ8iyB56Zns", "link_youtube": ""}}, {"model": "bandas.musica", "pk": 2, "fields": {"album": 2, "titulo": "Bohemian Rhapsody", "duracao": "00:05:55", "letra": "", "link_spotify": "", "link_youtube": ""}}, {"model": "bandas.musica", "pk": 3, "fields": {"album": 3, "titulo": "Come Together", "duracao": "00:04:20", "letra": "", "link_spotify": "", "link_youtube": ""}}, {"model": "bandas.musica", "pk": 4, "fields": {"album": 3, "titulo": "Something", "duracao": "00:03:03", "letra": "", "link_spotify": "", "link_youtube": ""}}, {"model": "bandas.musica", "pk": 5, "fields": {"album": 4, "titulo": "Black Dog", "duracao": "00:04:55", "letra": "", "link_spotify": "", "link_youtube": ""}}, {"model": "bandas.musica", "pk": 6, "fields": {"album": 4, "titulo": "Stairway to Heaven", "duracao": "00:08:02", "letra": "", "link_spotify": "", "link_youtube": ""}}, {"model": "bandas.musica", "pk": 7, "fields": {"album": 5, "titulo": "Time", "duracao": "00:06:53", "letra": "", "link_spotify": "", "link_youtube": ""}}, {"model": "bandas.musica", "pk": 8, "fields": {"album": 5, "titulo": "Money", "duracao": "00:06:22", "letra": "", "link_spotify": "", "link_youtube": ""}}, {"model": "bandas.musica", "pk": 9, "fields": {"album": 6, "titulo": "Hells Bells", "duracao": "00:05:12", "letra": "", "link_spotify": "", "link_youtube": ""}}, {"model": "bandas.musica", "pk": 10, "fields": {"album": 6, "titulo": "Back in Black", "duracao": "00:04:15", "letra": "", "link_spotify": "", "link_youtube": ""}}, {"model": "bandas.musica", "pk": 11, "fields": {"album": 2, "titulo": "Love of My Life", "duracao": "00:03:38", "letra": "", "link_spotify": "", "link_youtube": ""}}, {"model": "bandas.musica", "pk": 12, "fields": {"album": 7, "titulo": "Brown Sugar", "duracao": "00:03:49", "letra": "", "link_spotify": "", "link_youtube": ""}}, {"model": "bandas.musica", "pk": 13, "fields": {"album": 7, "titulo": "Wild Horses", "duracao": "00:05:44", "letra": "", "link_spotify": "", "link_youtube": ""}}, {"model": "bandas.musica", "pk": 14, "fields": {"album": 8, "titulo": "Welcome to the Jungle", "duracao": "00:04:31", "letra": "", "link_spotify": "", "link_youtube": ""}}, {"model": "bandas.musica", "pk": 15, "fields": {"album": 8, "titulo": "Sweet Child o' Mine", "duracao": "00:05:56", "letra": "", "link_spotify": "", "link_youtube": ""}}, {"model": "bandas.musica", "pk": 16, "fields": {"album": 9, "titulo": "Smells Like Teen Spirit", "duracao": "00:05:01", "letra": "", "link_spotify": "", "link_youtube": ""}}, {"model": "bandas.musica", "pk": 17, "fields": {"album": 9, "titulo": "Come As You Are", "duracao": "00:03:38", "letra": "", "link_spotify": "", "link_youtube": ""}}, {"model": "bandas.musica", "pk": 18, "fields": {"album": 10, "titulo": "Battery", "duracao": "00:05:10", "letra": "", "link_spotify": "", "link_youtube": ""}}, {"model": "bandas.musica", "pk": 19, "fields": {"album": 10, "titulo": "Master of Puppets", "duracao": "00:08:35", "letra": "", "link_spotify": "", "link_youtube": ""}}, {"model": "bandas.musica", "pk": 20, "fields": {"album": 11, "titulo": "The Number of the Beast", "duracao": "00:04:51", "letra": "", "link_spotify": "", "link_youtube": ""}}, {"model": "bandas.musica", "pk": 21, "fields": {"album": 11, "titulo": "Run to the Hills", "duracao": "00:03:53", "letra": "", "link_spotify": "", "link_youtube": ""}}, {"model": "bandas.musica", "pk": 22, "fields": {"album": 12, "titulo": "Lucy in the Sky with Diamonds", "duracao": "00:03:28", "letra": "", "link_spotify": "", "link_youtube": ""}}, {"model": "bandas.musica", "pk": 23, "fields": {"album": 12, "titulo": "A Day in the Life", "duracao": "00:05:33", "letra": "", "link_spotify": "", "link_youtube": ""}}, {"model": "bandas.musica", "pk": 24, "fields": {"album": 13, "titulo": "Kashmir", "duracao": "00:08:32", "letra": "", "link_spotify": "", "link_youtube": ""}}, {"model": "bandas.musica", "pk": 25, "fields": {"album": 13, "titulo": "Trampled Under Foot", "duracao": "00:05:36", "letra": "", "link_spotify": "", "link_youtube": ""}}, {"model": "bandas.musica", "pk": 26, "fields": {"album": 14, "titulo": "Shine On You Crazy Diamond", "duracao": "00:13:30", "letra": "", "link_spotify": "", "link_youtube": ""}}, {"model": "bandas.musica", "pk": 27, "fields": {"album": 14, "titulo": "Wish You Were Here", "duracao": "00:05:34", "letra": "", "link_spotify": "", "link_youtube": ""}}, {"model": "bandas.musica", "pk": 28, "fields": {"album": 15, "titulo": "Highway to Hell", "duracao": "00:03:28", "letra": "", "link_spotify": "", "link_youtube": ""}}, {"model": "bandas.musica", "pk": 29, "fields": {"album": 15, "titulo": "If You Want Blood (You've Got It)", "duracao": "00:04:36", "letra": "", "link_spotify": "", "link_youtube": ""}}, {"model": "bandas.musica", "pk": 30, "fields": {"album": 16, "titulo": "We Will Rock You", "duracao": "00:02:02", "letra": "", "link_spotify": "", "link_youtube": ""}}, {"model": "bandas.musica", "pk": 31, "fields": {"album": 16, "titulo": "We Are the Champions", "duracao": "00:02:59", "letra": "", "link_spotify": "", "link_youtube": ""}}, {"model": "bandas.musica", "pk": 32, "fields": {"album": 17, "titulo": "Tumbling Dice", "duracao": "00:03:45", "letra": "", "link_spotify": "", "link_youtube": ""}}, {"model": "bandas.musica", "pk": 33, "fields": {"album": 17, "titulo": "Rocks Off", "duracao": "00:04:31", "letra": "", "link_spotify": "", "link_youtube": ""}}, {"model": "bandas.musica", "pk": 34, "fields": {"album": 18, "titulo": "November Rain", "duracao": "00:08:57", "letra": "", "link_spotify": "", "link_youtube": ""}}, {"model": "bandas.musica", "pk": 35, "fields": {"album": 18, "titulo": "Don't Cry (Original)", "duracao": "00:04:44", "letra": "", "link_spotify": "", "link_youtube": ""}}, {"model": "bandas.musica", "pk": 36, "fields": {"album": 19, "titulo": "Heart-Shaped Box", "duracao": "00:04:39", "letra": "", "link_spotify": "", "link_youtube": ""}}, {"model": "bandas.musica", "pk": 37, "fields": {"album": 19, "titulo": "All Apologies", "duracao": "00:03:50", "letra": "", "link_spotify": "", "link_youtube": ""}}, {"model": "bandas.musica", "pk": 38, "fields": {"album": 20, "titulo": "Fade to Black", "duracao": "00:06:57", "letra": "", "link_spotify": "", "link_youtube": ""}}, {"model": "bandas.musica", "pk": 39, "fields": {"album": 20, "titulo": "Creeping Death", "duracao": "00:06:36", "letra": "", "link_spotify": "", "link_youtube": ""}}, {"model": "bandas.musica", "pk": 40, "fields": {"album": 21, "titulo": "Aces High", "duracao": "00:04:30", "letra": "", "link_spotify": "", "link_youtube": ""}}, {"model": "bandas.musica", "pk": 41, "fields": {"album": 21, "titulo": "2 Minutes to Midnight", "duracao": "00:06:00", "letra": "", "link_spotify": "", "link_youtube": ""}}, {"model": "autores.autor", "pk": 1, "fields": {"nome": "Paul Graham", "bio": "Fundador do Y Combinator, ensaísta e programador.", "foto": ""}}, {"model": "autores.autor", "pk": 2, "fields": {"nome": "Tim Denning", "bio": "Escritor no Medium, especializado em desenvolvimento pessoal e escrita.", "foto": ""}}, {"model": "autores.artigo", "pk": 1, "fields": {"titulo": "How to Do Great Work", "conteudo": "Fazer um ótimo trabalho envolve encontrar algo que você ama fazer, dominar isso,\r\ne trabalhar de forma consistente. Neste artigo, Paul Graham explora o caminho\r\nnão convencional que leva ao verdadeiro impacto.", "data_publicacao": "2025-03-30T01:02:36Z", "autor": 1, "imagem_capa": ""}}, {"model": "autores.artigo", "pk": 2, "fields": {"titulo": "The Truth About Writing Every Day", "conteudo": "A prática diária da escrita transforma não apenas o conteúdo,\r\nmas também o escritor. Tim Denning compartilha o poder da consistência,\r\nmesmo que você não publique todos os dias.", "data_publicacao": "2025-03-30T01:03:25Z", "autor": 2, "imagem_capa": ""}}, {"model": "portfolio.disciplina", "pk": 1, "fields": {"nome": "Fundamentos de Programação", "ano": 1, "semestre": 1, "docentes": "Pedro Alves, Duarte Neves", "link_moodle": "https://moodle.ensinolusofona.pt/course/view.php?id=23380", "link_ulusofona": "https://www.ulusofona.pt/lisboa/licenciaturas/engenharia-informatica/ULHT260-7337"}}, {"model": "portfolio.tecnologia", "pk": 1, "fields": {"nome": "Kotlin", "logo": "tecnologias/imagem_2025-04-27_185514525.png", "descricao": "Kotlin é uma linguagem de programação moderna, multiplataforma e concisa, projetada para ser interoperável com Java e outras linguagens. É uma linguagem orientada a objetos e funcional, que compila para a JVM (Java Virtual Machine) e também pode ser compilada para JavaScript ou nativamente para Linux. O Kotlin é amplamente utilizado no desenvolvimento de aplicações Android, mas também pode ser usado para desenvolvimento web, desktop e back-end."}}, {"model": "portfolio.tecnologia", "pk": 2, "fields": {"nome": "IntelliJ", "logo": "tecnologias/imagem_2025-04-27_193257498_6fByZ1s.png", "descricao": "IntelliJ IDEA é um Ambiente de Desenvolvimento Integrado (IDE) da JetBrains, conhecido por sua eficiência e produtividade, especialmente para desenvolvedores Java e Kotlin. Ele é projetado para otimizar o processo de desenvolvimento, oferecendo recursos como navegação inteligente no código, sugestões contextuais e ferramentas para análise e refatoramento."}}, {"model": "portfolio.projeto", "pk": 1, "fields": {"titulo": "Jogo das Tendas", "descricao": "Desenvolver uma grelha 2D que simule o terreno do jogo, com árvores distribuídas aleatoriamente. Permitir que o jogador coloque tendas junto às árvores, assegurando que cada tenda esteja ligada apenas a uma árvore.\r\nImplementar regras para assegurar que as tendas não se toquem, nem mesmo na diagonal, e criar uma interface de linha de comando para a interação do jogador com o jogo.", "link_github": null, "link_demo": null, "conceitos_aplicados": "Programação em Kotlin: ciclos, funções, arrays, arrays2D, leitura do teclado, escrita no ecrã.", "desafios_interessantes": "-", "disciplina": 1, "tecnologias": [1, 2]}}, {"model": "portfolio.imagemprojeto", "pk": 1, "fields": {"projeto": 1, "imagem": "projetos/imagem_2025-04-27_192658264.png"}}]